Id,Class
ZzSNKXrlfA0xCFpHcQbG,6
zYcpb4u9wfJyMnxerLTP,8
ZyFm63lVRckhAKpIt5Y9,6
ZxCJEUvOWTRm1MrIKXh2,4
ZxcgQeDoNiWPzJdrmvSp,4
ZXlj2NeCnhaUwRty3Exp,1
ZYFTJabOX7cgIylsek2P,9
zZDE9Lvi7MNbfIcqGplW,1
Zxk2cPIiAz0U9NMKuL8v,4
ZznwuvY8CcHX9Skl2sPj,1
ZYALPQr1yN39c5CsUOGx,6
ZyYhuEvSzW5GX4CwMVtl,9
ZydI89hV3kiPfU5YpWmx,3
zZWIaO7cSpK90g3vrqoD,6
zYrms9lk3CqFOwjT5aKp,2
zZLboaJ5pFkQgWUnPhEM,6
ZxinDe9F60HOfydMqpP1,6
zYxwSVg25LiJFhevdu4p,2
ZXw5BJIYNlv4KokgUQfR,8
zyvGN598nQEPqIpVaxXs,8
zXwK4Ugx6Dnpf7lEHA8J,4
Zy4irU7lTgRqtzOx3Bcv,7
Zzcx4shaUB7352yTL6fK,3
zZF6gHONqYfTEvormpWy,9
ZzunjPy0bdYmGpwfAagl,3
ZXcyAL4O5qG0YilQ1BgW,5
ZxCMsnT89NWYpKIz5wRh,1
ZzQLhP9lqTGNkmc08nWb,2
ZxPs9lSjHXQD6evzBVEp,3
ZXiAPn3SrFx1pTzBa9Vl,9
zxhRmAUgjKO2aYeET7NP,9
ZxwsA7okeO9PdQ0J2YzU,2
zZpSmtquEKdTnYLQxC8a,8
zYHXeQ6JTAhf09tdExbS,8
Zy4HC6mI7MroRqdt1OK5,5
ZYEXLKziltvmosNrgcMT,6
zYnm9DuyE3SVeGvswJCk,6
zxkHFsT03rOMpueGY6yW,7
zY0jM1v87dTN2PDrhHIn,4
ZymVc4eqhC7in3T5BLsJ,3
ZXEaJPutxz6OArLNFmd5,2
zY3UcbnXgSrDqjlOopxs,6
ZYOk4N9JPliWIhstd0Sq,5
ZxLoiamCJP7TgkcU4KAy,8
ZYGPf0kvi5JIUSqE3RAF,9
ZyClpNhzqaImRFufecwv,9
ZxPCvgHWMiBldctoRz75,9
zYbWC4g8jiqGXwLH2Bck,7
ZXIPcDxFY0bVmgGpC3SH,6
zXUoFDsyERh2wjgQeP8c,7
